,date,hf_margin_loans,hf_aum_proxy,leverage_ratio,^SPX_qtr_end,market_valuation,lci,lci_velocity,lci_zscore,lci_percentile,regime
0,2012-12-31,158967.0,45444.10118111746,3.4980777673748467,1426.18994140625,1.0346635606941017,3.6193335983769326,,,29.411764705882355,Normal
1,2013-03-28,200927.0,57435.17510968889,3.49832658499382,1569.18994140625,1.1055497529551641,3.8675740917964005,6.858734810485275,,78.43137254901961,Expansion
2,2013-06-28,200345.0,57269.53847194126,3.498282077096839,1606.280029296875,1.0821515594613995,3.785671405166208,-2.1176759561999927,,66.66666666666666,Normal
3,2013-09-30,209531.0,59895.42712585449,3.498280420635881,1681.550048828125,1.0813962739509357,3.783027412111154,-0.0698421170798382,,64.70588235294117,Normal
4,2013-12-31,231232.0,66098.63201402937,3.4982872255347317,1848.3599853515625,1.1244440598885337,3.9336282905364683,3.980961859889626,,88.23529411764706,Expansion
5,2014-03-31,233522.0,66753.33737797328,3.498282021133159,1872.3399658203125,1.0877578688979928,3.8052837961119677,-3.262750950141175,,72.54901960784314,Normal
6,2014-06-30,251402.0,71863.44688180106,3.498329274596288,1960.22998046875,1.0927707183977173,3.8228717945923507,0.46219938965796775,,76.47058823529412,Normal
7,2014-09-30,242842.0,69417.94364711216,3.498259776096125,1972.2900390625,1.0545585652385367,3.6891198103116145,-3.4987305739610544,-1.0115709763560612,43.13725490196079,Normal
8,2014-12-31,242563.0,69339.74503400529,3.498181308296466,2058.89990234375,1.0660274256910591,3.729157214683863,1.0852833854931525,-0.9552931501986134,49.01960784313725,Normal
9,2015-03-31,251916.0,72012.18807312012,3.4982411552917707,2067.889892578125,1.0408327819490557,3.641084073591012,-2.3617438478071016,-1.4837259236608114,39.21568627450981,Normal
10,2015-06-30,259782.0,74259.53299830845,3.4982983263026655,2063.110107421875,1.012753860592677,3.5429151354679247,-2.6961458768588265,-1.6630636577724343,19.607843137254903,Contraction
11,2015-09-30,243055.0,69477.8862397984,3.4983073486304908,1920.030029296875,0.9365290392498054,3.2762664202134473,-7.526251831015427,-1.996735401201736,11.76470588235294,Contraction
12,2015-12-31,231172.0,66084.91180611747,3.4981055990242007,2043.93994140625,0.9916898413750762,3.4690357866095756,5.883812293371717,-0.8268203576005858,13.725490196078432,Contraction
13,2016-03-31,253630.0,72501.75973554338,3.4982599170715027,2059.739990234375,1.0127324905574548,3.5428014784331383,2.126403310922798,-0.2718522596311678,17.64705882352941,Contraction
14,2016-06-30,252649.0,72222.15862330845,3.498220003610663,2098.860107421875,1.035369428287772,3.62195004516322,2.2340672265126824,0.40244567806454257,31.372549019607842,Normal
15,2016-09-30,263858.0,75425.9447253418,3.498239245936131,2168.27001953125,1.0515274165000075,3.678494476578154,1.561159892043349,0.811839306673301,41.17647058823529,Normal
16,2016-12-30,269857.0,77141.17952636718,3.4982223717199155,2238.830078125,1.068831894164583,3.739011643774317,1.6451612903455533,1.2132824104128357,50.98039215686274,Normal
17,2017-03-31,303947.0,86883.3475994873,3.4983343574781136,2362.719970703125,1.0806648590539463,3.7805270053476634,1.1103298285382972,1.2274631334579147,62.745098039215684,Normal
18,2017-06-30,309515.0,88475.26681631905,3.498322312410486,2423.409912109375,1.0689667440406339,3.7395902119021383,-1.082832985655674,0.7847339180242415,52.94117647058824,Normal
19,2017-09-29,326698.0,93386.3745161656,3.498347608980656,2519.360107421875,1.0751047856418383,3.7610902562537856,0.5749304905980954,0.8384597740656751,58.82352941176471,Normal
20,2017-12-29,344679.0,98526.50246259416,3.4983379231477163,2673.610107421875,1.0920530048888983,3.8203704410902515,1.5761436391455181,1.2053594439739599,74.50980392156863,Normal
21,2018-03-29,344298.0,98417.07236990791,3.4983564508597684,2640.8701171875,1.0366298635599658,3.626500770338888,-5.074630163247662,-1.312497914549564,35.29411764705882,Normal
22,2018-06-29,358334.0,102428.71433419363,3.498374477598787,2718.3701171875,1.035406216787548,3.622238682756674,-0.11752617335899283,-1.3733135497910245,33.33333333333333,Normal
23,2018-09-28,367343.0,105006.13750680105,3.4983002776976524,2913.97998046875,1.0707644142355743,3.745855447669074,3.4127172651781827,0.23465220629623235,54.90196078431373,Normal
24,2018-12-31,298300.0,85272.4413052804,3.498199364693551,2506.85009765625,0.9129343004953941,3.193626189999939,-14.742407051846318,-2.3206080736157046,7.8431372549019605,Contraction
25,2019-03-29,325327.0,93000.17342686244,3.4981332616099357,2834.39990234375,1.033405135908879,3.6149888786413857,13.193863764044808,-0.1303788682473846,27.450980392156865,Normal
26,2019-06-28,336378.0,96159.4808001709,3.4981262086785536,2941.760009765625,1.0551748604794,3.6911348341817254,2.106395291842708,0.29334456346114185,45.09803921568628,Normal
27,2019-09-30,326293.0,93278.66437840053,3.4980453694784672,2976.739990234375,1.0568072133935642,3.6967595792427996,0.15238525043805864,0.37326564181734534,47.05882352941176,Normal
28,2019-12-31,347069.0,99219.11007908412,3.4980055729522603,3230.780029296875,1.1089546239622663,3.879129454771186,4.933236030614161,1.2394588892474285,80.3921568627451,Expansion
29,2020-03-31,262534.0,75054.94461225237,3.497890796619715,2584.590087890625,0.8629211611737083,3.018403987877912,-22.188624456309732,-1.8320767764592447,5.88235294117647,Contraction
30,2020-06-30,334093.0,95509.39793282645,3.4980117897400405,3100.2900390625,1.0309839647964458,3.6063940638908982,19.480164960501938,0.17215949014236925,25.49019607843137,Contraction
31,2020-09-30,346453.0,99045.42392857141,3.4979203102795693,3363.0,1.0851365678696527,3.7957212401783225,5.249763972913189,0.7814852492931933,70.58823529411764,Normal
32,2020-12-31,386541.0,110506.016940482,3.4979181288217913,3756.070068359375,1.167316221212712,4.083176572247694,7.5731412788328605,1.3321150504282788,100.0,Expansion
33,2021-03-31,411104.0,117527.81128740583,3.497929515548236,3972.889892578125,1.1635243982231205,4.069926334605153,-0.32450807375314095,1.0109124164557308,98.0392156862745,Expansion
34,2021-06-30,512296.0,146445.4919642857,3.49820259489405,4297.5,1.1529125559658135,4.033121694965541,-0.9043072678410794,0.7396915375938511,94.11764705882352,Expansion
35,2021-09-30,471054.0,134662.23909354073,3.498040751221957,4307.5400390625,1.0749161637624658,3.7601005449882803,-6.769474630980434,-0.05888015448925546,56.86274509803921,Normal
36,2021-12-31,484574.0,138533.12243879045,3.497892716697441,4766.18017578125,1.1153171240002815,3.9012596448485213,3.754130991214783,0.3348683405229588,86.27450980392157,Expansion
37,2022-03-31,475218.0,135855.85360630578,3.4979574849761397,4530.41015625,1.024994186826476,3.5853860878667034,-8.096706852078354,-1.34707209935695,21.568627450980394,Contraction
38,2022-06-30,422858.0,120882.81557652063,3.4980819894315296,3785.3798828125,0.8602926625605339,3.0093742685431,-16.065545110270932,-2.1640280405819694,3.9215686274509802,Contraction
39,2022-09-30,393969.0,112625.3197806222,3.4980500012554416,3585.6201171875,0.8361895588734451,2.925032887467042,-2.8026218592242245,-1.5992667014136557,1.9607843137254901,Contraction
40,2022-12-30,397554.0,113654.04839285713,3.4979308315161193,3839.5,0.9361975770770778,3.274754369248599,11.956155545464703,-0.6534027953811032,9.803921568627452,Contraction
41,2023-03-31,410327.0,117308.19864031111,3.4978544104844658,4109.31005859375,1.0309044123948088,3.6059535456830787,10.113710498246444,0.2318811790529385,23.52941176470588,Contraction
42,2023-06-30,426490.0,121932.16736223493,3.4977644474487812,4450.3798828125,1.1104108298915434,3.883955522856737,7.709527414918376,1.025461849438737,82.35294117647058,Expansion
43,2023-09-29,398198.0,113845.89801443917,3.4976929950475353,4288.0498046875,1.0394836257237865,3.635794596160702,-6.389386418964628,0.4261708754657964,37.254901960784316,Normal
44,2023-12-29,448056.0,128099.47202636719,3.497719334141947,4769.830078125,1.114383109353122,3.8977993472256345,7.20625833322934,1.1352876458820658,84.31372549019608,Expansion
45,2024-03-28,490161.0,140137.951126709,3.497703484738474,5254.35009765625,1.1618330935462315,4.063747659981136,4.257487314569426,1.2393718881734714,96.07843137254902,Expansion
46,2024-06-28,468068.0,133829.2726853725,3.4975008875704643,5460.47998046875,1.1409190650481584,3.9903654426519983,-1.805776919954672,0.845443309337674,92.15686274509804,Expansion
47,2024-09-30,515150.0,147286.5576853725,3.4976036380756637,5762.47998046875,1.1385427650924547,3.982171317292095,-0.20534774264829148,0.715416947466818,90.19607843137256,Expansion
48,2024-12-31,536466.0,153378.92852294922,3.4976512430110738,5881.6298828125,1.0835252625985052,3.789793481561562,-4.830978388477549,-0.3977979845576904,68.62745098039215,Normal
49,2025-03-31,548980.0,156949.63594813753,3.497809961033647,5611.85009765625,0.9942857570943282,3.4778226252784226,-8.231869567589046,-1.833025180269363,15.686274509803921,Contraction
50,2025-06-30,633611.0,181140.30091413227,3.497901884906092,6204.9501953125,1.076259954635862,3.764651723969727,8.247375717395649,-0.30551450759755805,60.78431372549019,Normal
