date,pb_lead,pb_lead_z,pb_lead_percentile,run_rate_regime,stress_flag,pb_intensity_g_nowcast,pb_intensity_g_lag1
2012-10-01,,,,Stable,,0.008194030585733496,
2013-01-01,,,,Stable,false,0.037870173032898136,
2013-04-01,0.07219194723624173,,93.87755102040816,Accelerating,false,0.02721343159628957,0.1589224890735328
2013-07-01,-0.014708447485186894,,26.530612244897956,Decelerating,false,0.008133874237924632,-0.021150604712788068
2013-10-01,0.01033141899570453,,48.97959183673469,Stable,false,-0.018969056111093875,0.004520699852595067
2014-01-01,-0.03807951612648131,,6.122448979591836,Decelerating,false,-0.007959038228705523,-0.09116515131693537
2014-04-01,0.027818506483448944,,65.3061224489796,Stable,false,-0.013302815301226517,0.013464552552279851
2014-07-01,0.002090676854337461,,40.81632653061224,Stable,false,-0.016841032340269006,0.008338540735927769
2014-10-01,-0.037780189387699586,,8.16326530612245,Decelerating,false,-0.022904094974251298,-0.038208100262622224
2015-01-01,-0.010692904210520684,,28.57142857142857,Decelerating,false,0.0017126997963276477,-0.03307015522369361
2015-04-01,-0.004386295318207781,,34.69387755102041,Stable,false,0.010779807422502943,-0.03673309068627839
2015-07-01,-0.009391828298329175,,32.6530612244898,Decelerating,false,0.0018581375578540765,0.02558408297933945
2015-10-01,-0.024268492910942636,,16.3265306122449,Decelerating,false,0.006303071746008675,-0.02920060186918305
2016-01-01,0.0008726472251894789,,38.775510204081634,Stable,false,0.05584787491026401,-0.04599283884512673
2016-04-01,0.06794165157342867,,91.83673469387755,Accelerating,false,0.049863970186649176,0.10228515563295404
2016-07-01,0.006901615092140162,,44.897959183673464,Stable,false,0.004782726651642071,-0.027645956507367897
2016-10-01,-0.01813765489375234,,20.40816326530612,Decelerating,false,0.0061598682459407025,0.010943299957677732
2017-01-01,0.03141833127985588,,69.38775510204081,Accelerating,false,0.0300073749985795,0.005189180091598189
2017-04-01,0.053796893261414666,,89.79591836734693,Accelerating,false,0.015187472107863495,0.0925073144519648
2017-07-01,-0.003342630191997786,,36.73469387755102,Stable,false,-0.015400044092742452,-0.001177347543696472
2017-10-01,0.03690451534637539,,77.55102040816327,Accelerating,false,0.0052580740550629695,0.020747695328814375
2018-01-01,0.02863810387907123,0.6162076130436265,67.3469387755102,Stable,false,0.04047348978919967,-0.002568609802272137
2018-04-01,0.013749104842203715,0.27337669973499334,51.02040816326531,Stable,false,0.05784124546531792,-0.00960506041773379
2018-07-01,0.02426346589425074,0.5781463494106127,61.22448979591836,Stable,false,0.02349901361364682,0.035500172140855435
2018-10-01,0.005299437355739942,-0.0843032215466646,42.857142857142854,Stable,false,0.04326832377213493,0.031560428035580346
2019-01-01,-0.02839818827140137,-1.3298195507211565,12.244897959183673,Decelerating,false,0.0696523525467629,-0.1416874144551008
2019-04-01,0.05243940382007607,1.4876192264491206,87.75510204081633,Accelerating,false,0.061369683743359334,0.054188295866896
2019-07-01,0.01851334612218108,0.2865813371691821,55.10204081632652,Stable,false,0.0235113351769302,0.019585630959839007
2019-10-01,-0.009574053750192605,-0.7818467185520986,30.61224489795918,Decelerating,false,-0.011185265573767542,-0.02950049550525735
2020-01-01,0.039119200209849596,0.917600938857892,81.63265306122447,Accelerating,true,0.03162731432488492,0.040659465369609515
2020-04-01,-0.07333493621617479,-2.5164886851626043,2.0408163265306123,Decelerating,false,0.011350369765201866,-0.1762462040247621
2020-07-01,0.0936945807256365,2.0606537714683597,99.99999999999999,Accelerating,false,-0.0005335357558683956,0.14776066604172966
2020-10-01,0.05067875413915303,0.8335792978158909,85.71428571428571,Accelerating,false,-0.0013786693346453886,-0.002815695198319368
2021-01-01,0.07537375209138177,1.334232548256395,95.91836734693877,Accelerating,false,0.008501095590417524,0.10931335948086418
2021-04-01,0.027787475079011616,0.17272125623829485,63.26530612244897,Stable,false,0.0071404463317162985,0.03545129191833207
2021-07-01,0.0809947863464853,1.4099123688719188,97.95918367346938,Accelerating,false,0.016412185685503372,0.1855682576141382
2021-10-01,-0.016643104708215877,-1.05240079701407,24.489795918367346,Decelerating,false,0.03558410628867335,-0.09360806883172867
2022-01-01,0.016308055961977628,-0.2018914474190261,53.06122448979591,Stable,false,0.03766902138260702,0.0013132718239179386
2022-04-01,-0.029614355335481846,-1.2207785022895354,10.20408163265306,Decelerating,true,0.010589587935226075,-0.02088950862869865
2022-07-01,-0.027883825775200145,-1.1180715346661747,14.285714285714285,Decelerating,false,0.0033986129163444375,-0.07076664630019569
2022-10-01,-0.05648072627717859,-1.5770779297433566,4.081632653061225,Decelerating,true,0.027150030613422596,-0.06110942937205488
2023-01-01,0.00899503168191525,-0.09544623808287134,46.93877551020408,Stable,false,0.028170211951890303,0.01455565489734445
2023-04-01,0.020104134747632788,0.14572275344817817,57.14285714285714,Stable,false,0.018816362675028602,0.016919639981869405
2023-07-01,0.032586773247252135,0.414003249294729,73.46938775510203,Accelerating,false,0.011045178050325321,0.041285338276065175
2023-10-01,-0.024022743373187248,-0.8004052972813755,18.36734693877551,Decelerating,false,0.009980980192040662,-0.07280861165612951
2024-01-01,0.0505504701739934,0.7511647873928906,83.67346938775509,Accelerating,false,0.008807965623168365,0.0727843099614951
2024-04-01,0.03143266670100568,0.35786120575700386,71.42857142857142,Accelerating,false,0.0071975507864590026,0.05374713470647752
2024-07-01,-0.017339838265334518,-0.6837427317000487,22.448979591836732,Decelerating,false,-0.008075508106812295,-0.04108570216828378
2024-10-01,0.03885629352923974,0.503352758129089,79.59183673469387,Accelerating,false,0.006887915645888403,0.05125299621913659
2025-01-01,0.020465314986654003,0.11870698818785433,59.183673469387756,Stable,false,0.03770090412231675,0.028233607020198725
2025-04-01,0.034407352296747455,0.34729385041147925,75.51020408163265,Accelerating,false,0.0358339734961134,0.0143912032495086
